asset_id,vibration_g,temperature_c,oil_pressure_psi,usage_hours,maintenance_events,days_since_maintenance,failure_within_30d
ASSET-001,3.451,71.6,41.6,1120,9,308,0
ASSET-001,3.548,97.5,48.8,1330,9,333,0
ASSET-001,2.128,96.6,49.1,1126,9,288,0
ASSET-001,3.857,86.3,52.0,1178,9,309,0
ASSET-001,2.491,82.0,52.4,1347,9,304,0
ASSET-001,3.262,96.3,52.0,1384,9,302,0
ASSET-001,6.095,92.0,52.4,1014,9,336,0
ASSET-001,2.476,83.5,47.7,1045,9,299,0
ASSET-001,2.711,91.5,51.8,1291,9,334,1
ASSET-001,3.381,87.6,41.9,1183,9,303,0
ASSET-001,3.416,85.8,49.3,1119,9,338,0
ASSET-001,2.557,85.8,42.5,1047,9,302,0
ASSET-001,3.24,96.4,47.8,984,9,339,0
ASSET-001,2.028,80.3,50.7,977,9,340,0
ASSET-001,3.256,80.8,48.1,944,9,298,0
ASSET-001,3.203,92.1,45.1,1290,9,325,0
ASSET-001,2.883,104.6,47.4,1002,9,322,1
ASSET-001,3.315,92.2,57.4,1117,9,293,0
ASSET-001,2.007,96.2,47.0,1147,9,342,0
ASSET-001,4.048,114.4,51.7,1191,9,286,1
ASSET-001,2.649,84.0,47.6,942,9,340,0
ASSET-001,1.691,84.9,48.9,1066,9,301,0
ASSET-001,2.073,80.7,44.6,1178,9,319,0
ASSET-001,3.62,93.8,47.3,1359,9,340,0
ASSET-001,2.023,77.8,49.9,1059,9,314,0
ASSET-001,3.585,90.7,47.2,923,9,289,0
ASSET-001,2.005,77.0,58.3,1160,9,305,0
ASSET-001,2.074,81.2,52.7,1032,9,305,0
ASSET-001,3.925,90.8,52.1,1200,9,339,0
ASSET-001,2.29,86.6,53.9,907,9,328,0
ASSET-001,2.54,86.6,54.5,1191,9,317,0
ASSET-001,2.818,92.4,49.3,1364,9,340,0
ASSET-001,3.98,81.4,47.8,1363,9,283,1
ASSET-001,2.409,83.6,36.1,1384,9,322,0
ASSET-001,2.53,81.5,48.1,955,9,328,0
ASSET-001,2.076,105.8,65.4,1202,9,299,1
ASSET-001,2.12,86.8,53.6,1019,9,294,0
ASSET-001,2.692,87.1,50.2,1313,9,310,0
ASSET-001,3.14,103.0,48.6,958,9,331,1
ASSET-001,3.81,92.5,45.0,1097,9,296,0
ASSET-002,2.404,68.5,57.6,1675,12,41,0
ASSET-002,2.285,79.0,52.2,1911,12,84,0
ASSET-002,2.111,81.6,54.2,2038,12,65,0
ASSET-002,1.372,84.8,51.7,1924,12,51,0
ASSET-002,2.619,92.9,57.8,2018,12,94,0
ASSET-002,2.071,80.8,49.8,1723,12,86,0
ASSET-002,2.3,88.4,56.1,1873,12,89,0
ASSET-002,1.569,76.6,59.8,1983,12,46,0
ASSET-002,1.518,75.0,54.8,1667,12,53,0
ASSET-002,2.275,83.0,60.1,1961,12,69,0
ASSET-002,3.004,82.0,56.9,2014,12,45,0
ASSET-002,2.414,83.2,48.6,1991,12,91,0
ASSET-002,1.661,79.8,59.5,1665,12,94,0
ASSET-002,2.232,88.3,56.8,1928,12,66,0
ASSET-002,3.066,91.2,50.6,2060,12,76,0
ASSET-002,1.815,83.5,55.1,2106,12,65,0
ASSET-002,1.973,83.1,56.1,1644,12,90,0
ASSET-002,2.313,82.6,50.2,1933,12,43,0
ASSET-002,2.518,78.7,52.4,1629,12,92,0
ASSET-002,0.956,76.1,56.3,2103,12,52,0
ASSET-002,2.245,90.1,52.9,2031,12,88,0
ASSET-002,1.968,83.3,61.0,1648,12,49,0
ASSET-002,2.073,67.9,57.7,1624,12,40,0
ASSET-002,2.455,79.0,54.5,1917,12,65,0
ASSET-002,2.803,78.1,58.0,1831,12,72,0
ASSET-002,3.392,81.2,53.5,2078,12,66,0
ASSET-002,2.399,75.1,45.9,1822,12,76,0
ASSET-002,3.242,86.2,49.0,1771,12,63,0
ASSET-002,2.583,78.5,57.6,1915,12,77,0
ASSET-002,3.047,81.5,55.3,2102,12,68,0
ASSET-002,1.725,83.2,58.1,1744,12,56,0
ASSET-002,2.69,68.5,51.8,1865,12,48,0
ASSET-002,1.814,70.7,40.1,1976,12,47,0
ASSET-002,2.445,83.3,51.9,1834,12,56,0
ASSET-002,1.814,84.6,60.4,1855,12,47,0
ASSET-002,2.953,76.9,59.6,1947,12,46,0
ASSET-002,1.708,77.3,55.0,2081,12,47,0
ASSET-002,0.943,76.2,45.0,2119,12,73,0
ASSET-002,2.145,81.6,48.4,1825,12,78,0
ASSET-002,2.365,92.0,52.8,1787,12,66,0
ASSET-003,2.035,86.3,52.1,2477,8,177,0
ASSET-003,2.403,80.7,53.7,2493,8,145,1
ASSET-003,1.945,86.7,43.8,2323,8,151,0
ASSET-003,1.07,77.3,49.3,2367,8,166,0
ASSET-003,2.097,89.3,58.6,2679,8,175,0
ASSET-003,2.338,73.9,43.6,2448,8,185,0
ASSET-003,1.507,91.4,47.2,2602,8,178,0
ASSET-003,4.159,88.7,42.7,2460,8,142,0
ASSET-003,3.566,76.8,54.0,2690,8,166,0
ASSET-003,2.708,81.5,53.0,2614,8,153,0
ASSET-003,1.022,96.2,63.8,2230,8,142,0
ASSET-003,2.328,76.5,54.2,2346,8,133,0
ASSET-003,2.615,83.2,50.2,2365,8,159,0
ASSET-003,2.721,84.2,59.9,2727,8,171,0
ASSET-003,2.706,79.2,51.7,2525,8,148,0
ASSET-003,2.02,84.1,50.0,2328,8,184,0
ASSET-003,0.972,91.9,52.2,2603,8,145,0
ASSET-003,3.898,88.3,53.0,2492,8,137,0
ASSET-003,2.248,83.3,48.0,2305,8,183,0
ASSET-003,2.742,84.5,55.5,2725,8,146,0
ASSET-003,1.926,78.8,49.9,2705,8,130,0
ASSET-003,3.16,78.6,46.2,2351,8,165,0
ASSET-003,2.877,77.4,51.1,2420,8,136,0
ASSET-003,2.257,77.5,50.7,2228,8,151,0
ASSET-003,5.401,89.1,54.4,2443,8,178,0
ASSET-003,2.447,100.4,51.3,2569,8,163,0
ASSET-003,5.894,77.7,41.9,2251,8,155,1
ASSET-003,2.019,86.7,49.0,2348,8,180,0
ASSET-003,1.938,91.8,54.2,2614,8,131,0
ASSET-003,4.254,88.8,41.7,2408,8,165,0
ASSET-003,3.288,87.1,57.8,2386,8,145,0
ASSET-003,5.505,75.7,50.8,2597,8,130,0
ASSET-003,2.534,84.2,45.5,2314,8,161,0
ASSET-003,2.744,72.3,50.3,2676,8,134,0
ASSET-003,2.046,78.1,52.3,2375,8,177,0
ASSET-003,4.321,82.7,52.2,2354,8,143,0
ASSET-003,2.822,84.2,51.4,2607,8,183,0
ASSET-003,1.815,69.8,41.5,2275,8,167,0
ASSET-003,0.866,87.3,59.0,2327,8,132,0
ASSET-003,5.366,98.8,59.8,2598,8,178,0
ASSET-004,4.08,124.3,51.2,4405,13,363,1
ASSET-004,4.542,80.8,46.9,4343,13,368,0
ASSET-004,4.211,69.7,34.7,4114,13,360,0
ASSET-004,2.57,93.6,40.8,4330,13,352,0
ASSET-004,2.153,53.2,44.7,4213,13,379,0
ASSET-004,4.762,60.6,35.1,4477,13,394,1
ASSET-004,1.618,57.6,38.7,4202,13,373,0
ASSET-004,4.558,73.1,38.8,4318,13,349,0
ASSET-004,3.645,102.3,40.1,4146,13,385,1
ASSET-004,2.79,71.8,48.0,4283,13,355,0
ASSET-004,5.036,87.0,55.1,4158,13,391,0
ASSET-004,3.308,77.3,59.0,4128,13,393,0
ASSET-004,3.662,88.7,53.8,4271,13,347,0
ASSET-004,3.707,93.1,51.3,4570,13,352,0
ASSET-004,3.932,77.3,47.6,4126,13,367,0
ASSET-004,4.127,87.4,36.2,4276,13,368,0
ASSET-004,3.829,84.7,57.0,4419,13,377,0
ASSET-004,2.552,78.4,39.6,4467,13,340,0
ASSET-004,4.048,87.2,36.8,4484,13,377,0
ASSET-004,4.207,85.7,32.9,4420,13,375,0
ASSET-004,2.502,86.8,42.9,4382,13,342,0
ASSET-004,4.899,78.7,47.5,4448,13,361,0
ASSET-004,3.674,71.4,41.9,4256,13,365,0
ASSET-004,3.464,90.5,47.6,4253,13,380,0
ASSET-004,3.012,61.4,44.6,4560,13,391,0
ASSET-004,4.049,85.8,49.4,4231,13,380,0
ASSET-004,3.752,95.0,53.8,4463,13,355,1
ASSET-004,3.755,94.2,40.7,4360,13,364,0
ASSET-004,4.453,80.0,38.7,4519,13,372,0
ASSET-004,4.205,61.5,43.0,4249,13,390,0
ASSET-004,3.871,86.5,45.8,4440,13,354,0
ASSET-004,4.868,68.6,44.0,4419,13,388,0
ASSET-004,3.476,68.3,43.6,4208,13,348,0
ASSET-004,6.019,74.5,55.7,4104,13,365,0
ASSET-004,3.766,76.9,34.9,4215,13,356,0
ASSET-004,3.795,91.0,46.1,4344,13,373,0
ASSET-004,4.012,96.4,54.4,4143,13,345,1
ASSET-004,2.851,89.6,34.4,4275,13,380,0
ASSET-004,3.554,63.9,42.9,4208,13,384,0
ASSET-004,5.824,69.5,48.5,4253,13,349,1
ASSET-005,2.672,70.3,43.9,2432,11,259,0
ASSET-005,3.641,89.8,49.4,2105,11,264,0
ASSET-005,1.472,84.3,49.3,2218,11,257,0
ASSET-005,3.425,90.5,54.7,2204,11,248,0
ASSET-005,2.902,103.8,34.4,2108,11,294,1
ASSET-005,1.891,80.4,43.4,2217,11,295,1
ASSET-005,2.06,72.0,48.3,2165,11,270,0
ASSET-005,2.862,92.2,51.6,2045,11,259,0
ASSET-005,2.909,76.7,46.7,2301,11,289,0
ASSET-005,3.363,86.3,53.7,2054,11,244,0
ASSET-005,3.773,79.7,41.8,2255,11,257,0
ASSET-005,2.431,83.0,43.6,2360,11,278,0
ASSET-005,2.731,83.0,33.7,2451,11,264,0
ASSET-005,3.664,88.8,56.4,2123,11,263,1
ASSET-005,3.216,83.8,52.5,2081,11,251,0
ASSET-005,2.849,92.1,44.7,2221,11,258,0
ASSET-005,3.819,80.2,58.3,2270,11,297,0
ASSET-005,1.592,87.6,40.6,2072,11,261,0
ASSET-005,2.35,83.7,53.3,2484,11,256,0
ASSET-005,2.919,97.0,46.3,2350,11,269,0
ASSET-005,3.411,95.8,57.4,2382,11,297,0
ASSET-005,2.986,105.2,57.8,2484,11,294,0
ASSET-005,3.314,89.7,50.6,2310,11,253,0
ASSET-005,3.03,85.7,46.2,2269,11,290,0
ASSET-005,2.325,78.7,44.1,2303,11,243,0
ASSET-005,3.365,87.3,34.6,2502,11,262,0
ASSET-005,2.013,96.4,45.4,2426,11,246,0
ASSET-005,2.982,75.8,56.0,2229,11,242,0
ASSET-005,3.012,98.6,50.5,2032,11,286,0
ASSET-005,2.127,97.7,50.4,2330,11,268,1
ASSET-005,4.65,105.6,44.4,2193,11,273,0
ASSET-005,3.065,106.8,54.1,2346,11,267,0
ASSET-005,3.47,108.8,51.0,2500,11,293,1
ASSET-005,2.595,98.0,39.0,2079,11,281,0
ASSET-005,3.631,100.0,54.6,2219,11,250,0
ASSET-005,2.836,93.0,52.0,2503,11,260,0
ASSET-005,0.936,86.7,47.8,2492,11,265,0
ASSET-005,3.133,93.5,44.7,2373,11,282,0
ASSET-005,3.146,87.3,52.6,2059,11,255,0
ASSET-005,2.523,84.2,52.8,2508,11,260,0
ASSET-006,4.53,74.5,55.7,1444,3,339,0
ASSET-006,3.545,90.0,47.4,1394,3,317,0
ASSET-006,2.301,97.8,53.8,1283,3,330,0
ASSET-006,2.27,74.5,50.2,1572,3,302,0
ASSET-006,3.641,83.5,50.8,1240,3,320,0
ASSET-006,4.353,103.1,47.3,1496,3,294,0
ASSET-006,2.679,104.3,47.6,1550,3,329,1
ASSET-006,3.601,82.9,43.4,1408,3,330,0
ASSET-006,2.003,76.1,38.0,1213,3,335,0
ASSET-006,2.81,88.4,60.7,1247,3,335,0
ASSET-006,3.23,90.7,50.7,1388,3,308,0
ASSET-006,3.142,91.6,44.9,1584,3,319,0
ASSET-006,2.064,92.1,42.8,1265,3,295,0
ASSET-006,3.718,92.5,47.7,1329,3,305,0
ASSET-006,2.933,90.2,52.0,1278,3,309,0
ASSET-006,2.473,102.9,46.4,1460,3,336,0
ASSET-006,2.863,102.9,54.6,1411,3,344,0
ASSET-006,3.094,99.0,41.9,1436,3,315,0
ASSET-006,2.319,104.9,46.7,1225,3,341,1
ASSET-006,2.787,72.6,43.6,1602,3,327,0
ASSET-006,2.434,86.1,41.2,1564,3,294,0
ASSET-006,2.862,86.1,49.1,1303,3,339,0
ASSET-006,2.096,91.3,52.9,1671,3,307,0
ASSET-006,5.11,75.6,40.7,1495,3,337,1
ASSET-006,2.722,94.4,45.0,1295,3,303,0
ASSET-006,2.167,85.3,41.2,1309,3,302,0
ASSET-006,3.315,93.2,49.5,1258,3,349,0
ASSET-006,3.688,76.4,47.1,1675,3,296,0
ASSET-006,2.719,92.9,46.6,1296,3,345,0
ASSET-006,6.183,73.0,50.5,1447,3,315,0
ASSET-006,2.949,99.7,35.8,1271,3,303,0
ASSET-006,2.305,91.0,48.7,1461,3,309,0
ASSET-006,2.928,87.9,39.9,1678,3,317,0
ASSET-006,1.827,89.9,48.4,1402,3,298,0
ASSET-006,3.929,95.4,45.6,1671,3,345,0
ASSET-006,3.539,91.3,62.4,1417,3,348,0
ASSET-006,2.512,92.2,48.1,1226,3,350,0
ASSET-006,3.12,94.5,46.6,1496,3,349,0
ASSET-006,2.812,74.9,41.9,1658,3,340,1
ASSET-006,2.504,92.0,47.9,1417,3,311,0
ASSET-007,2.727,77.3,52.3,3357,7,110,0
ASSET-007,1.921,83.5,50.9,3297,7,121,0
ASSET-007,2.653,93.2,50.1,2937,7,104,0
ASSET-007,1.931,87.4,47.7,3148,7,104,0
ASSET-007,1.669,80.8,60.5,2994,7,104,0
ASSET-007,2.638,87.3,49.9,2969,7,141,0
ASSET-007,3.172,76.2,49.3,3214,7,121,0
ASSET-007,2.957,76.9,53.6,3147,7,142,0
ASSET-007,3.076,80.2,47.6,3047,7,109,0
ASSET-007,3.607,104.3,45.3,3077,7,117,0
ASSET-007,1.962,78.9,49.4,3201,7,130,0
ASSET-007,2.392,88.7,42.9,3265,7,146,0
ASSET-007,2.838,78.8,57.6,3295,7,152,0
ASSET-007,3.034,97.0,56.0,3169,7,127,0
ASSET-007,2.607,108.1,48.7,3384,7,105,1
ASSET-007,2.237,85.4,53.1,2971,7,103,0
ASSET-007,2.915,87.4,50.4,3394,7,106,0
ASSET-007,2.603,88.6,47.8,3039,7,140,0
ASSET-007,1.269,92.5,56.8,3067,7,117,0
ASSET-007,3.687,80.9,48.5,3243,7,153,0
ASSET-007,2.981,88.1,51.3,3143,7,135,0
ASSET-007,2.609,94.2,42.5,3197,7,122,0
ASSET-007,2.418,93.4,46.5,3089,7,156,0
ASSET-007,2.125,85.0,56.0,3200,7,97,0
ASSET-007,4.805,94.9,51.9,2951,7,137,0
ASSET-007,3.171,82.9,46.9,3145,7,137,0
ASSET-007,5.388,97.9,42.1,2999,7,130,1
ASSET-007,2.72,78.2,51.6,3074,7,116,0
ASSET-007,1.936,70.0,48.6,3143,7,148,0
ASSET-007,1.89,105.9,56.1,3161,7,101,0
ASSET-007,2.659,83.0,52.7,3012,7,127,0
ASSET-007,3.201,62.7,48.0,2930,7,101,0
ASSET-007,3.337,72.0,55.9,3348,7,139,0
ASSET-007,3.023,91.2,42.3,2961,7,104,0
ASSET-007,3.569,86.6,44.4,3290,7,102,0
ASSET-007,1.778,69.4,48.9,3031,7,104,0
ASSET-007,3.77,86.8,51.9,3052,7,115,0
ASSET-007,3.08,76.9,49.3,2959,7,116,0
ASSET-007,2.472,81.5,52.7,3345,7,113,0
ASSET-007,2.445,84.6,50.9,2994,7,138,0
ASSET-008,4.009,94.6,49.4,2570,1,278,0
ASSET-008,2.832,92.0,43.2,2466,1,313,0
ASSET-008,3.355,99.9,47.7,2780,1,334,0
ASSET-008,4.725,84.9,43.3,2498,1,333,0
ASSET-008,3.051,78.0,54.9,2409,1,337,0
ASSET-008,3.012,106.0,48.9,2509,1,306,1
ASSET-008,3.106,81.6,48.4,2368,1,333,0
ASSET-008,1.159,92.0,45.4,2428,1,294,0
ASSET-008,2.989,96.9,45.8,2463,1,279,0
ASSET-008,3.479,109.3,43.4,2617,1,299,1
ASSET-008,3.028,79.0,52.8,2496,1,290,0
ASSET-008,3.16,95.9,44.4,2703,1,322,0
ASSET-008,4.448,92.4,49.6,2706,1,337,0
ASSET-008,3.285,88.0,46.5,2537,1,278,0
ASSET-008,2.578,77.3,48.0,2776,1,279,0
ASSET-008,3.204,78.7,49.3,2527,1,283,0
ASSET-008,2.633,94.7,48.9,2763,1,309,0
ASSET-008,3.632,98.9,42.8,2424,1,324,0
ASSET-008,2.423,97.2,46.9,2382,1,283,0
ASSET-008,3.086,93.7,51.3,2538,1,283,0
ASSET-008,3.112,91.0,49.1,2789,1,303,0
ASSET-008,3.032,89.7,49.3,2389,1,303,0
ASSET-008,3.19,114.5,45.1,2605,1,327,1
ASSET-008,3.708,93.2,55.4,2827,1,309,0
ASSET-008,2.535,82.9,42.1,2540,1,311,0
ASSET-008,3.479,81.6,41.8,2511,1,293,0
ASSET-008,3.507,82.4,44.8,2424,1,313,0
ASSET-008,3.572,96.2,55.3,2521,1,330,0
ASSET-008,2.394,79.3,46.3,2536,1,296,0
ASSET-008,3.456,96.2,45.3,2602,1,320,1
ASSET-008,1.899,89.6,46.4,2763,1,334,0
ASSET-008,2.345,80.0,48.3,2597,1,295,0
ASSET-008,2.902,81.6,44.5,2517,1,315,0
ASSET-008,2.915,84.8,50.2,2496,1,335,0
ASSET-008,4.111,108.7,41.8,2633,1,337,1
ASSET-008,1.999,90.9,43.1,2404,1,321,0
ASSET-008,3.002,95.3,61.3,2386,1,280,0
ASSET-008,4.179,80.5,41.4,2812,1,298,0
ASSET-008,3.832,82.0,39.9,2501,1,295,1
ASSET-008,2.526,89.4,54.9,2400,1,321,0
ASSET-009,2.686,87.2,56.4,1798,13,184,0
ASSET-009,2.415,89.8,54.7,1742,13,202,0
ASSET-009,2.834,78.2,53.7,1772,13,215,0
ASSET-009,3.722,82.4,40.3,2039,13,198,0
ASSET-009,2.786,88.5,54.4,1684,13,197,0
ASSET-009,3.195,94.8,48.8,1649,13,198,0
ASSET-009,2.269,84.5,47.9,1665,13,221,0
ASSET-009,2.333,103.6,50.1,1997,13,225,0
ASSET-009,3.506,88.2,52.6,1793,13,235,0
ASSET-009,2.295,87.9,57.4,1605,13,182,0
ASSET-009,1.154,96.0,52.0,1763,13,181,0
ASSET-009,2.51,103.6,51.2,1654,13,205,1
ASSET-009,2.488,70.7,49.3,1655,13,229,0
ASSET-009,3.469,92.3,53.9,1876,13,202,0
ASSET-009,1.202,87.1,52.4,1674,13,202,0
ASSET-009,2.444,92.0,63.4,1982,13,233,0
ASSET-009,3.017,77.8,49.5,2067,13,187,0
ASSET-009,2.932,81.7,50.4,1613,13,234,0
ASSET-009,2.328,93.5,46.7,1942,13,231,0
ASSET-009,1.387,92.9,41.6,1873,13,219,0
ASSET-009,2.395,80.8,53.9,1958,13,182,0
ASSET-009,1.977,73.2,52.4,1604,13,196,0
ASSET-009,3.518,73.2,43.2,1975,13,198,0
ASSET-009,2.869,68.1,41.6,1625,13,196,0
ASSET-009,3.311,104.1,47.3,1749,13,225,1
ASSET-009,1.881,86.2,49.8,1651,13,192,0
ASSET-009,2.806,95.7,49.4,1749,13,233,0
ASSET-009,3.141,108.7,48.1,2059,13,217,0
ASSET-009,2.336,91.2,46.1,1685,13,221,0
ASSET-009,1.447,71.7,43.9,1718,13,219,0
ASSET-009,2.152,84.0,57.0,1789,13,233,0
ASSET-009,2.759,91.1,45.9,1854,13,205,0
ASSET-009,2.372,100.3,46.2,1655,13,209,1
ASSET-009,2.706,94.6,57.3,1925,13,227,0
ASSET-009,2.065,91.0,47.3,1834,13,181,0
ASSET-009,2.306,98.0,52.9,2064,13,224,1
ASSET-009,3.24,100.5,51.8,2055,13,227,1
ASSET-009,2.752,93.9,50.8,1888,13,222,0
ASSET-009,1.483,84.2,59.8,1629,13,201,1
ASSET-009,3.678,91.3,50.4,1852,13,196,0
ASSET-010,3.053,91.1,47.6,4305,6,101,0
ASSET-010,3.34,95.9,51.3,4510,6,82,0
ASSET-010,2.699,86.8,60.2,4614,6,122,0
ASSET-010,2.689,69.2,50.4,4413,6,130,0
ASSET-010,4.043,93.6,48.3,4450,6,128,0
ASSET-010,3.199,94.5,36.7,4712,6,111,0
ASSET-010,3.114,89.3,50.4,4556,6,106,0
ASSET-010,2.284,99.5,47.7,4386,6,126,0
ASSET-010,4.096,93.1,51.5,4676,6,129,0
ASSET-010,1.852,81.9,55.6,4379,6,125,0
ASSET-010,3.968,89.1,49.4,4643,6,90,0
ASSET-010,3.587,76.6,38.0,4457,6,130,0
ASSET-010,2.497,89.9,53.8,4510,6,105,0
ASSET-010,4.132,92.1,44.5,4589,6,125,0
ASSET-010,3.01,90.9,41.9,4633,6,117,0
ASSET-010,3.508,102.2,46.0,4510,6,129,0
ASSET-010,2.945,80.3,42.3,4598,6,108,0
ASSET-010,3.102,112.6,42.4,4438,6,87,0
ASSET-010,3.007,84.1,49.6,4742,6,90,0
ASSET-010,2.432,86.5,40.2,4387,6,98,0
ASSET-010,3.016,83.3,52.1,4520,6,130,0
ASSET-010,3.24,105.5,51.2,4661,6,87,1
ASSET-010,3.645,83.2,39.5,4368,6,122,0
ASSET-010,1.675,77.1,41.7,4734,6,90,0
ASSET-010,3.346,91.5,50.4,4516,6,118,0
ASSET-010,3.627,91.4,47.9,4275,6,81,0
ASSET-010,2.941,97.0,47.7,4411,6,124,0
ASSET-010,2.979,99.4,42.5,4312,6,92,0
ASSET-010,2.631,86.2,42.3,4642,6,118,0
ASSET-010,2.087,107.3,45.3,4491,6,121,0
ASSET-010,4.804,104.3,42.6,4638,6,123,1
ASSET-010,6.527,100.3,45.4,4581,6,96,1
ASSET-010,1.801,90.9,54.8,4484,6,78,0
ASSET-010,3.643,82.9,38.1,4599,6,117,0
ASSET-010,1.773,108.1,52.8,4677,6,125,0
ASSET-010,5.425,85.8,63.9,4438,6,115,0
ASSET-010,2.525,95.0,54.5,4641,6,91,0
ASSET-010,2.577,85.5,57.0,4573,6,99,0
ASSET-010,3.526,95.7,46.3,4740,6,102,0
ASSET-010,5.839,80.2,43.0,4679,6,84,1
ASSET-011,3.609,82.5,48.2,2508,13,146,0
ASSET-011,2.926,73.4,52.9,2557,13,112,0
ASSET-011,3.506,98.1,43.4,2613,13,105,0
ASSET-011,1.853,88.1,50.8,2522,13,118,0
ASSET-011,2.354,92.8,54.1,2551,13,122,0
ASSET-011,2.155,92.1,55.7,2638,13,146,0
ASSET-011,2.013,97.6,50.6,2523,13,146,1
ASSET-011,2.762,78.3,66.3,2466,13,104,0
ASSET-011,2.599,91.0,41.1,2743,13,148,0
ASSET-011,1.164,75.9,48.1,2730,13,133,0
ASSET-011,2.821,91.5,51.7,2454,13,101,0
ASSET-011,3.765,79.0,53.3,2611,13,122,0
ASSET-011,1.817,94.1,51.0,2905,13,133,0
ASSET-011,3.106,81.5,48.9,2933,13,103,0
ASSET-011,2.808,81.7,60.4,2735,13,118,0
ASSET-011,3.523,100.8,45.3,2858,13,138,0
ASSET-011,2.032,79.2,55.9,2498,13,106,0
ASSET-011,2.094,93.1,56.6,2754,13,143,0
ASSET-011,3.319,82.2,47.4,2776,13,110,0
ASSET-011,2.403,87.0,59.0,2821,13,109,0
ASSET-011,2.873,82.3,39.2,2595,13,108,0
ASSET-011,2.541,98.4,45.2,2494,13,118,1
ASSET-011,1.494,107.3,48.1,2519,13,116,0
ASSET-011,2.168,86.9,52.4,2575,13,147,0
ASSET-011,2.089,101.4,50.9,2638,13,112,0
ASSET-011,2.249,87.5,58.8,2770,13,130,0
ASSET-011,2.417,102.1,48.9,2756,13,102,0
ASSET-011,2.208,92.6,54.9,2571,13,97,0
ASSET-011,1.319,93.7,49.6,2673,13,133,0
ASSET-011,2.514,91.8,48.6,2617,13,112,0
ASSET-011,2.185,81.5,44.8,2839,13,117,0
ASSET-011,2.216,92.1,43.7,2886,13,131,0
ASSET-011,1.689,86.4,56.9,2577,13,97,0
ASSET-011,2.447,94.8,50.4,2787,13,116,0
ASSET-011,2.885,91.1,55.0,2804,13,153,0
ASSET-011,2.388,81.2,45.9,2585,13,110,0
ASSET-011,3.233,87.5,63.3,2719,13,135,0
ASSET-011,2.625,97.6,47.8,2470,13,94,0
ASSET-011,3.147,78.0,51.5,2600,13,98,0
ASSET-011,1.832,87.3,48.4,2804,13,117,0
ASSET-012,2.713,86.8,50.3,1808,14,56,0
ASSET-012,2.957,76.3,61.9,1738,14,84,0
ASSET-012,2.795,79.7,53.2,1400,14,100,0
ASSET-012,2.312,86.5,60.4,1750,14,58,0
ASSET-012,2.072,73.8,48.2,1482,14,59,0
ASSET-012,2.29,82.0,53.3,1626,14,53,0
ASSET-012,1.884,81.1,49.9,1599,14,103,0
ASSET-012,2.494,91.6,52.3,1424,14,90,1
ASSET-012,1.981,81.8,56.9,1745,14,64,0
ASSET-012,1.754,83.5,52.1,1731,14,96,0
ASSET-012,1.399,75.1,53.1,1402,14,79,0
ASSET-012,2.377,74.3,50.5,1695,14,67,0
ASSET-012,2.69,79.2,56.8,1485,14,68,0
ASSET-012,2.435,74.2,46.3,1811,14,77,0
ASSET-012,1.61,73.9,52.3,1339,14,52,0
ASSET-012,1.61,80.3,57.5,1826,14,93,0
ASSET-012,1.915,87.4,51.6,1621,14,90,0
ASSET-012,2.32,84.4,51.2,1574,14,50,0
ASSET-012,2.664,80.6,48.2,1356,14,53,0
ASSET-012,5.158,70.0,44.7,1342,14,105,0
ASSET-012,3.761,85.4,45.9,1772,14,107,0
ASSET-012,2.576,88.2,56.0,1739,14,104,0
ASSET-012,2.269,79.6,55.8,1385,14,53,0
ASSET-012,2.323,87.1,52.8,1437,14,98,0
ASSET-012,1.818,88.3,49.7,1683,14,49,0
ASSET-012,3.108,77.3,54.7,1788,14,79,0
ASSET-012,4.084,93.7,51.9,1751,14,95,0
ASSET-012,1.957,89.2,56.8,1486,14,69,0
ASSET-012,1.463,85.9,51.4,1474,14,83,0
ASSET-012,2.481,75.8,56.0,1523,14,74,0
ASSET-012,2.448,90.5,57.6,1642,14,48,0
ASSET-012,2.598,73.9,51.1,1669,14,81,0
ASSET-012,2.771,84.4,52.6,1776,14,56,0
ASSET-012,2.005,80.0,56.8,1701,14,54,0
ASSET-012,1.851,78.4,53.1,1361,14,100,0
ASSET-012,2.043,78.0,55.4,1835,14,56,0
ASSET-012,3.067,83.5,47.1,1694,14,51,0
ASSET-012,1.698,79.8,55.1,1513,14,79,0
ASSET-012,1.94,97.1,47.8,1787,14,107,0
ASSET-012,2.444,71.7,53.5,1717,14,59,0
ASSET-013,2.04,83.3,48.9,2093,14,125,0
ASSET-013,2.517,100.1,60.7,2028,14,134,0
ASSET-013,1.494,80.1,46.6,2134,14,128,0
ASSET-013,2.85,78.7,49.7,2079,14,170,0
ASSET-013,1.979,91.0,44.5,1959,14,140,0
ASSET-013,3.345,86.9,51.6,1965,14,136,0
ASSET-013,1.794,85.1,51.9,2021,14,157,0
ASSET-013,2.36,91.9,46.7,2091,14,146,0
ASSET-013,3.457,88.8,44.2,1683,14,150,0
ASSET-013,2.783,80.3,51.6,1822,14,177,0
ASSET-013,2.48,81.9,56.7,1987,14,158,0
ASSET-013,2.387,72.8,55.0,1873,14,152,0
ASSET-013,2.559,77.5,50.4,1707,14,165,0
ASSET-013,1.578,86.6,61.6,1979,14,131,0
ASSET-013,1.524,82.2,56.7,1848,14,161,0
ASSET-013,2.295,92.4,51.5,1959,14,153,0
ASSET-013,2.909,91.4,55.1,1994,14,142,0
ASSET-013,1.848,81.9,52.8,2089,14,136,0
ASSET-013,2.22,86.9,50.8,1836,14,132,0
ASSET-013,3.449,83.8,53.4,1719,14,182,0
ASSET-013,2.043,91.5,53.3,1878,14,151,0
ASSET-013,2.685,77.3,52.5,1726,14,123,0
ASSET-013,2.604,74.3,44.4,1933,14,138,0
ASSET-013,2.593,86.9,45.3,1795,14,149,0
ASSET-013,2.455,85.3,51.2,1865,14,131,0
ASSET-013,3.01,78.5,54.4,2100,14,135,0
ASSET-013,5.481,80.7,51.2,1736,14,127,1
ASSET-013,1.692,83.1,58.2,1791,14,163,0
ASSET-013,3.019,91.2,54.8,2060,14,177,0
ASSET-013,1.306,86.4,52.4,1837,14,155,0
ASSET-013,2.407,82.7,53.4,1711,14,143,0
ASSET-013,2.019,82.1,58.4,1788,14,125,0
ASSET-013,2.098,78.8,43.8,1855,14,126,0
ASSET-013,3.27,84.7,55.4,2051,14,145,0
ASSET-013,4.653,78.7,48.7,2159,14,137,0
ASSET-013,3.125,79.3,53.1,2058,14,148,0
ASSET-013,3.116,84.9,61.1,1970,14,175,0
ASSET-013,2.843,92.6,48.3,2050,14,145,0
ASSET-013,3.153,85.1,45.3,2048,14,131,0
ASSET-013,2.261,73.7,58.4,1898,14,155,0
ASSET-014,4.248,93.8,50.0,5192,10,223,0
ASSET-014,3.377,87.7,49.1,4768,10,219,0
ASSET-014,3.459,72.9,34.1,5091,10,203,0
ASSET-014,1.828,72.8,59.7,4831,10,185,0
ASSET-014,2.973,92.9,46.9,5129,10,206,0
ASSET-014,3.843,118.4,55.3,5043,10,225,1
ASSET-014,4.358,78.2,41.7,5043,10,181,0
ASSET-014,2.66,91.5,41.2,4976,10,183,0
ASSET-014,3.148,106.3,50.9,4772,10,215,1
ASSET-014,3.693,93.1,48.3,4966,10,186,0
ASSET-014,3.429,102.8,47.4,5181,10,210,0
ASSET-014,3.816,121.0,44.3,4752,10,192,1
ASSET-014,2.927,80.4,35.0,4987,10,219,0
ASSET-014,3.128,66.8,52.3,4924,10,213,0
ASSET-014,3.372,94.9,44.2,5093,10,223,0
ASSET-014,2.473,90.7,33.4,5157,10,206,0
ASSET-014,3.422,100.5,52.4,5181,10,198,0
ASSET-014,2.292,93.0,50.2,4930,10,180,0
ASSET-014,3.32,65.1,48.9,4852,10,209,0
ASSET-014,2.455,99.4,46.5,5121,10,183,0
ASSET-014,4.066,67.4,44.7,4974,10,230,0
ASSET-014,3.102,79.0,45.0,4923,10,191,0
ASSET-014,3.546,85.6,48.9,5084,10,194,0
ASSET-014,4.247,79.0,46.0,4830,10,207,0
ASSET-014,4.251,87.5,45.2,4727,10,204,0
ASSET-014,3.599,73.3,39.6,4906,10,215,0
ASSET-014,3.601,94.3,45.4,4870,10,209,0
ASSET-014,3.586,109.5,47.0,4830,10,206,1
ASSET-014,2.763,94.3,41.2,5112,10,181,0
ASSET-014,2.442,88.3,43.9,4873,10,188,0
ASSET-014,4.81,64.2,38.2,5088,10,218,0
ASSET-014,3.354,75.9,43.2,4882,10,194,0
ASSET-014,2.507,91.2,37.5,5044,10,185,0
ASSET-014,4.298,79.0,46.8,5002,10,180,0
ASSET-014,2.464,69.8,30.2,5010,10,202,0
ASSET-014,4.82,79.2,48.4,4744,10,235,0
ASSET-014,2.05,116.4,36.4,4834,10,176,1
ASSET-014,5.536,78.4,36.2,5185,10,227,1
ASSET-014,5.679,92.1,48.5,4834,10,212,0
ASSET-014,4.089,68.7,36.1,5119,10,203,0
ASSET-015,3.707,100.2,49.0,4269,3,317,0
ASSET-015,2.776,95.2,54.6,4121,3,303,0
ASSET-015,3.455,76.8,62.5,4069,3,321,0
ASSET-015,1.887,76.5,52.8,4172,3,311,0
ASSET-015,3.821,81.4,44.5,3979,3,310,0
ASSET-015,2.748,63.6,47.0,4220,3,336,0
ASSET-015,3.763,98.3,51.0,3876,3,343,0
ASSET-015,2.783,79.4,38.5,3886,3,317,0
ASSET-015,2.66,82.1,41.1,4082,3,319,0
ASSET-015,3.016,69.0,47.5,4066,3,335,0
ASSET-015,3.24,81.9,49.2,4178,3,311,0
ASSET-015,4.105,106.7,46.9,4139,3,331,0
ASSET-015,3.51,88.0,48.4,3843,3,344,0
ASSET-015,3.009,93.2,44.5,4181,3,322,0
ASSET-015,3.832,78.9,47.5,4037,3,293,0
ASSET-015,3.471,85.3,46.0,4055,3,299,0
ASSET-015,3.058,83.2,46.2,4051,3,329,1
ASSET-015,3.81,92.0,52.2,3991,3,296,1
ASSET-015,4.336,77.7,41.5,4141,3,315,0
ASSET-015,3.426,57.9,44.3,4249,3,309,0
ASSET-015,2.885,51.3,42.2,3994,3,344,0
ASSET-015,3.631,79.7,52.9,4277,3,324,0
ASSET-015,4.169,113.7,46.1,4288,3,320,1
ASSET-015,3.969,95.5,48.8,4255,3,315,0
ASSET-015,5.055,80.2,51.1,4157,3,331,0
ASSET-015,3.972,92.3,41.2,3883,3,345,0
ASSET-015,4.183,78.3,41.2,4171,3,294,0
ASSET-015,3.999,85.9,53.1,4020,3,306,0
ASSET-015,2.934,110.1,45.1,4138,3,333,1
ASSET-015,3.79,83.0,70.1,4097,3,333,0
ASSET-015,3.4,124.2,45.8,3829,3,299,1
ASSET-015,2.885,80.0,48.6,4034,3,307,1
ASSET-015,2.412,92.7,36.7,3966,3,324,0
ASSET-015,3.495,90.8,53.1,4028,3,346,0
ASSET-015,4.714,72.2,42.3,4138,3,319,0
ASSET-015,3.559,68.0,62.3,4035,3,326,0
ASSET-015,3.009,111.3,52.7,4146,3,345,1
ASSET-015,2.913,87.4,33.6,4250,3,336,0
ASSET-015,5.259,111.6,55.5,4090,3,340,1
ASSET-015,3.565,88.8,49.6,4031,3,337,1
ASSET-016,3.829,107.5,43.4,4950,9,221,1
ASSET-016,2.811,92.8,49.2,5069,9,168,0
ASSET-016,3.952,75.6,55.8,5199,9,171,1
ASSET-016,3.33,94.9,46.5,5206,9,166,0
ASSET-016,2.838,89.4,45.9,4997,9,208,0
ASSET-016,3.199,81.8,49.5,5228,9,169,0
ASSET-016,4.295,105.1,43.6,5078,9,194,0
ASSET-016,4.0,80.1,43.3,5027,9,172,0
ASSET-016,2.381,74.8,49.1,4932,9,195,0
ASSET-016,3.065,84.7,40.7,4842,9,166,0
ASSET-016,3.031,107.7,41.7,4980,9,183,1
ASSET-016,2.145,77.5,55.0,4852,9,204,0
ASSET-016,4.803,83.8,42.9,5069,9,212,0
ASSET-016,3.353,90.8,60.5,4966,9,187,0
ASSET-016,3.397,90.5,46.2,5042,9,180,0
ASSET-016,5.763,78.5,46.9,4986,9,201,0
ASSET-016,4.041,94.1,50.6,4872,9,166,0
ASSET-016,5.949,92.8,39.8,5131,9,214,0
ASSET-016,4.182,109.8,43.3,5009,9,171,0
ASSET-016,3.838,84.3,38.2,5031,9,204,0
ASSET-016,4.154,81.4,42.8,5081,9,214,0
ASSET-016,2.881,62.3,53.0,5025,9,174,0
ASSET-016,2.062,82.6,39.7,4767,9,167,0
ASSET-016,3.261,82.0,37.5,4953,9,192,0
ASSET-016,3.791,84.6,45.1,4818,9,171,0
ASSET-016,4.204,76.8,40.9,4732,9,181,1
ASSET-016,2.615,71.8,45.9,5065,9,192,0
ASSET-016,4.397,80.7,47.9,4921,9,210,0
ASSET-016,3.859,79.8,45.6,4843,9,183,0
ASSET-016,4.618,99.8,51.1,5208,9,211,1
ASSET-016,3.628,68.4,44.6,5225,9,198,0
ASSET-016,6.584,110.3,52.2,4739,9,204,1
ASSET-016,1.686,87.4,39.6,4991,9,181,0
ASSET-016,4.292,89.0,41.9,4846,9,165,1
ASSET-016,5.314,79.8,44.5,4912,9,207,0
ASSET-016,4.401,77.4,52.7,5220,9,210,0
ASSET-016,2.759,90.8,41.2,5080,9,186,0
ASSET-016,3.652,80.1,51.3,5069,9,205,0
ASSET-016,3.622,87.3,41.7,4941,9,219,0
ASSET-016,4.651,77.8,41.8,4930,9,177,0
ASSET-017,2.856,72.5,54.0,2517,9,359,0
ASSET-017,3.69,78.8,41.6,2349,9,346,0
ASSET-017,2.681,90.0,53.1,2456,9,365,0
ASSET-017,2.434,92.7,46.1,2298,9,367,0
ASSET-017,3.328,81.6,56.3,2078,9,369,0
ASSET-017,3.197,93.3,41.2,2159,9,369,0
ASSET-017,3.308,70.2,41.5,2124,9,348,0
ASSET-017,4.154,90.6,41.7,2131,9,376,0
ASSET-017,4.636,107.1,49.1,2232,9,386,1
ASSET-017,4.56,96.2,42.3,2482,9,360,1
ASSET-017,3.267,96.5,50.2,2461,9,339,0
ASSET-017,3.363,94.3,54.0,2079,9,356,0
ASSET-017,3.741,85.5,52.3,2197,9,362,0
ASSET-017,3.72,105.5,35.2,2387,9,390,1
ASSET-017,3.499,84.8,51.6,2411,9,385,0
ASSET-017,4.42,97.6,48.0,2067,9,340,0
ASSET-017,2.454,103.5,39.5,2120,9,381,0
ASSET-017,2.76,82.5,57.7,2157,9,383,0
ASSET-017,2.436,88.2,47.2,2229,9,382,0
ASSET-017,3.777,81.6,40.5,2364,9,358,0
ASSET-017,3.539,74.6,25.9,2166,9,392,1
ASSET-017,2.761,98.9,46.9,2122,9,374,0
ASSET-017,3.302,86.9,41.2,2518,9,346,0
ASSET-017,3.087,80.3,47.8,2243,9,352,0
ASSET-017,3.695,80.8,63.3,2222,9,382,0
ASSET-017,2.709,72.8,43.7,2161,9,394,0
ASSET-017,3.849,78.3,39.8,2458,9,367,0
ASSET-017,2.644,82.3,39.5,2181,9,346,0
ASSET-017,3.393,92.3,42.5,2128,9,364,0
ASSET-017,3.867,89.9,52.5,2242,9,338,0
ASSET-017,3.587,94.1,45.1,2031,9,365,0
ASSET-017,4.145,78.2,42.8,2356,9,384,0
ASSET-017,3.469,55.5,40.4,2478,9,390,0
ASSET-017,2.984,77.3,49.1,2060,9,378,0
ASSET-017,1.484,85.8,47.6,2238,9,339,0
ASSET-017,3.032,87.7,46.3,2124,9,378,0
ASSET-017,2.376,76.0,35.0,2339,9,388,0
ASSET-017,4.567,82.2,48.0,2355,9,368,0
ASSET-017,5.232,92.8,57.5,2146,9,356,0
ASSET-017,2.029,106.7,48.8,2217,9,344,1
ASSET-018,3.743,79.8,38.7,4565,6,191,0
ASSET-018,2.643,92.1,47.2,4660,6,204,0
ASSET-018,3.611,70.5,27.4,4560,6,182,0
ASSET-018,3.551,98.2,43.8,4739,6,194,0
ASSET-018,3.239,99.8,43.9,4668,6,191,0
ASSET-018,3.138,90.1,44.7,4485,6,192,0
ASSET-018,4.695,86.9,50.6,4694,6,196,0
ASSET-018,2.913,96.6,42.0,4618,6,234,0
ASSET-018,2.237,67.6,40.1,4594,6,188,0
ASSET-018,2.451,102.5,49.7,4564,6,189,0
ASSET-018,5.361,98.9,53.0,4409,6,189,1
ASSET-018,4.648,70.5,45.8,4388,6,194,0
ASSET-018,3.122,70.2,50.6,4455,6,229,0
ASSET-018,5.319,84.7,60.9,4605,6,212,0
ASSET-018,2.505,83.3,52.9,4634,6,210,0
ASSET-018,3.488,81.4,44.9,4564,6,214,0
ASSET-018,3.219,101.6,50.2,4724,6,217,1
ASSET-018,3.068,96.2,55.3,4336,6,192,0
ASSET-018,3.346,90.2,60.6,4571,6,227,0
ASSET-018,3.098,81.1,50.4,4562,6,176,0
ASSET-018,1.985,87.8,48.5,4487,6,228,0
ASSET-018,2.256,73.1,54.2,4581,6,198,0
ASSET-018,3.769,78.5,58.1,4707,6,188,0
ASSET-018,2.026,96.5,40.4,4655,6,207,0
ASSET-018,3.156,110.1,55.8,4409,6,230,1
ASSET-018,2.589,88.4,35.4,4510,6,195,0
ASSET-018,3.594,79.9,43.2,4356,6,195,0
ASSET-018,3.249,85.1,40.3,4344,6,199,0
ASSET-018,4.03,57.3,43.8,4721,6,195,0
ASSET-018,2.849,94.1,47.6,4791,6,226,0
ASSET-018,3.547,91.9,43.7,4733,6,184,0
ASSET-018,2.789,93.3,53.8,4473,6,231,0
ASSET-018,3.112,101.4,42.0,4652,6,212,0
ASSET-018,2.749,91.0,51.6,4694,6,230,0
ASSET-018,3.609,83.0,40.3,4790,6,205,0
ASSET-018,4.043,84.6,40.3,4584,6,194,0
ASSET-018,3.877,67.5,54.4,4688,6,191,1
ASSET-018,2.113,97.1,42.2,4514,6,194,0
ASSET-018,3.586,67.6,32.6,4737,6,199,0
ASSET-018,3.311,112.9,49.4,4624,6,217,1
ASSET-019,2.514,85.4,46.0,840,14,212,1
ASSET-019,2.747,69.9,55.3,904,14,229,0
ASSET-019,3.528,82.1,57.5,841,14,193,0
ASSET-019,3.22,78.6,47.5,1016,14,227,0
ASSET-019,2.075,75.0,61.1,662,14,230,0
ASSET-019,2.718,82.4,56.7,612,14,200,0
ASSET-019,4.805,92.7,50.5,763,14,212,0
ASSET-019,2.733,82.2,50.6,627,14,187,0
ASSET-019,3.024,84.7,47.1,1033,14,228,0
ASSET-019,2.498,82.4,58.2,794,14,237,0
ASSET-019,1.91,85.1,51.2,902,14,209,0
ASSET-019,2.753,80.9,53.4,705,14,217,0
ASSET-019,1.501,86.7,58.8,673,14,229,0
ASSET-019,2.494,86.7,57.5,739,14,237,0
ASSET-019,2.164,70.0,50.4,1005,14,231,0
ASSET-019,2.097,71.6,45.3,1054,14,222,0
ASSET-019,2.304,79.2,61.1,853,14,242,0
ASSET-019,2.024,79.3,51.2,957,14,190,0
ASSET-019,2.715,91.6,50.5,882,14,243,0
ASSET-019,2.675,89.5,58.1,667,14,218,0
ASSET-019,2.312,86.4,49.0,596,14,207,0
ASSET-019,1.608,77.9,49.1,596,14,221,0
ASSET-019,5.006,90.3,47.1,958,14,229,0
ASSET-019,1.291,94.9,53.1,908,14,208,0
ASSET-019,2.692,82.9,55.4,610,14,217,0
ASSET-019,2.307,78.3,52.9,904,14,203,0
ASSET-019,2.909,90.6,56.5,985,14,200,1
ASSET-019,2.691,79.0,50.5,789,14,221,0
ASSET-019,1.694,87.9,45.4,874,14,198,0
ASSET-019,2.705,87.9,46.8,685,14,197,0
ASSET-019,1.965,110.2,56.9,671,14,193,1
ASSET-019,2.22,82.3,60.8,792,14,223,0
ASSET-019,2.657,88.1,46.4,768,14,216,0
ASSET-019,1.931,87.4,63.2,985,14,206,0
ASSET-019,2.738,86.2,48.1,591,14,187,0
ASSET-019,3.419,84.4,50.3,579,14,187,0
ASSET-019,2.764,83.8,51.0,754,14,214,0
ASSET-019,2.579,89.3,44.0,678,14,202,1
ASSET-019,3.593,78.3,54.1,1056,14,188,0
ASSET-019,3.472,93.2,45.9,863,14,211,0
ASSET-020,2.508,84.5,42.0,1434,12,167,0
ASSET-020,2.627,82.5,49.4,1756,12,132,0
ASSET-020,2.31,87.8,43.3,1742,12,121,0
ASSET-020,2.411,95.3,50.6,1772,12,128,0
ASSET-020,3.935,96.9,55.1,1593,12,171,0
ASSET-020,2.307,80.0,51.1,1668,12,126,0
ASSET-020,2.602,94.1,57.2,1695,12,152,0
ASSET-020,3.209,72.7,44.8,1584,12,128,0
ASSET-020,3.04,71.1,57.5,1828,12,138,0
ASSET-020,5.461,91.9,44.0,1551,12,165,0
ASSET-020,2.069,89.7,58.3,1580,12,155,0
ASSET-020,1.668,89.5,46.3,1807,12,137,0
ASSET-020,1.954,83.4,56.8,1642,12,139,0
ASSET-020,3.069,78.1,47.9,1825,12,175,0
ASSET-020,2.313,73.4,55.6,1769,12,121,0
ASSET-020,2.388,93.1,52.4,1478,12,171,0
ASSET-020,2.012,88.6,42.3,1587,12,177,0
ASSET-020,2.274,75.9,51.2,1501,12,155,0
ASSET-020,2.575,89.4,50.5,1613,12,148,0
ASSET-020,4.107,75.6,55.5,1396,12,123,0
ASSET-020,3.199,89.1,55.6,1581,12,157,0
ASSET-020,2.179,66.7,51.2,1501,12,138,0
ASSET-020,2.602,85.9,49.1,1403,12,123,0
ASSET-020,2.432,77.0,49.3,1572,12,160,0
ASSET-020,2.429,73.3,48.5,1678,12,167,0
ASSET-020,2.795,75.9,55.3,1428,12,146,0
ASSET-020,1.502,84.5,53.5,1442,12,127,0
ASSET-020,2.406,85.6,53.2,1859,12,161,0
ASSET-020,1.664,83.9,53.7,1705,12,141,0
ASSET-020,3.313,89.2,53.7,1555,12,142,1
ASSET-020,1.963,81.1,53.0,1742,12,124,0
ASSET-020,3.379,102.1,53.6,1634,12,171,0
ASSET-020,1.603,80.5,53.4,1385,12,125,0
ASSET-020,2.952,81.6,54.1,1751,12,123,0
ASSET-020,2.589,91.9,47.4,1563,12,131,0
ASSET-020,2.185,75.2,52.8,1517,12,124,0
ASSET-020,2.503,81.0,48.9,1518,12,137,0
ASSET-020,2.78,86.7,51.1,1817,12,156,0
ASSET-020,2.692,90.7,48.2,1516,12,173,0
ASSET-020,2.221,80.7,52.7,1478,12,122,0
ASSET-021,3.85,94.0,21.8,3990,6,183,1
ASSET-021,1.093,99.6,47.6,3897,6,220,0
ASSET-021,3.487,85.7,36.3,4046,6,203,0
ASSET-021,1.93,81.6,38.6,3889,6,192,0
ASSET-021,3.656,83.1,46.0,4103,6,241,0
ASSET-021,3.42,92.2,45.7,4102,6,221,0
ASSET-021,3.033,82.5,50.6,4130,6,226,0
ASSET-021,2.948,83.8,36.7,4153,6,230,0
ASSET-021,4.476,85.8,42.1,4127,6,207,0
ASSET-021,3.492,80.7,58.9,3971,6,209,0
ASSET-021,4.791,92.1,44.7,4054,6,235,0
ASSET-021,3.602,89.7,41.0,4020,6,235,0
ASSET-021,2.479,98.8,28.8,4107,6,188,1
ASSET-021,3.109,84.9,54.0,4315,6,188,0
ASSET-021,5.437,91.3,48.7,3882,6,238,0
ASSET-021,1.522,90.3,56.2,3997,6,204,0
ASSET-021,3.656,70.1,54.4,4284,6,210,0
ASSET-021,3.377,112.6,37.1,3948,6,194,1
ASSET-021,3.948,101.9,41.9,4026,6,226,1
ASSET-021,0.682,115.9,50.7,4292,6,223,1
ASSET-021,2.845,107.4,46.4,4259,6,224,1
ASSET-021,3.917,116.6,49.5,3940,6,228,1
ASSET-021,2.888,95.0,40.3,3937,6,220,0
ASSET-021,2.605,129.2,54.5,4269,6,200,1
ASSET-021,4.881,91.5,42.2,4151,6,233,0
ASSET-021,5.358,86.8,45.6,4025,6,195,0
ASSET-021,3.498,112.2,52.9,4217,6,213,1
ASSET-021,4.719,85.4,38.9,4055,6,230,0
ASSET-021,5.101,84.8,43.6,4144,6,240,0
ASSET-021,3.005,68.6,53.2,4218,6,205,0
ASSET-021,2.911,89.6,50.5,3894,6,232,0
ASSET-021,3.509,89.4,53.8,3951,6,222,0
ASSET-021,2.932,98.0,47.3,4054,6,222,0
ASSET-021,2.411,94.7,43.4,4352,6,203,0
ASSET-021,6.876,91.5,62.8,4280,6,204,1
ASSET-021,2.776,103.2,54.4,4262,6,241,1
ASSET-021,3.654,106.1,49.9,3949,6,220,1
ASSET-021,4.422,111.2,54.8,4310,6,207,1
ASSET-021,3.461,94.5,47.7,4055,6,226,0
ASSET-021,3.164,107.7,46.3,3981,6,209,1
ASSET-022,2.424,85.8,51.6,2632,12,37,0
ASSET-022,2.601,80.7,50.9,2617,12,62,0
ASSET-022,1.773,94.1,56.4,2643,12,37,0
ASSET-022,2.26,71.1,47.3,2308,12,55,0
ASSET-022,1.255,71.8,55.6,2305,12,58,0
ASSET-022,1.789,88.2,67.2,2264,12,67,0
ASSET-022,2.498,79.7,53.3,2461,12,27,0
ASSET-022,2.087,72.9,59.6,2381,12,74,0
ASSET-022,2.236,82.2,59.5,2555,12,29,0
ASSET-022,3.019,81.6,50.6,2580,12,31,0
ASSET-022,3.166,80.9,55.5,2740,12,27,0
ASSET-022,2.411,78.8,42.5,2402,12,67,0
ASSET-022,1.454,82.5,59.9,2328,12,50,0
ASSET-022,2.811,86.3,38.3,2445,12,70,0
ASSET-022,3.571,71.5,55.4,2714,12,40,0
ASSET-022,1.429,87.8,51.9,2249,12,57,0
ASSET-022,2.689,73.7,54.4,2731,12,44,0
ASSET-022,2.527,111.1,58.9,2359,12,83,0
ASSET-022,1.875,87.5,62.1,2555,12,63,0
ASSET-022,4.095,87.4,49.9,2270,12,74,0
ASSET-022,3.486,82.2,55.0,2736,12,51,0
ASSET-022,1.961,75.2,53.5,2286,12,41,0
ASSET-022,2.525,86.6,55.5,2698,12,38,0
ASSET-022,2.773,84.2,52.6,2704,12,36,0
ASSET-022,1.471,76.1,42.5,2360,12,51,0
ASSET-022,2.657,84.7,61.0,2295,12,28,0
ASSET-022,1.975,83.9,57.3,2460,12,26,0
ASSET-022,2.089,76.6,50.1,2366,12,46,0
ASSET-022,3.777,92.2,48.4,2740,12,63,0
ASSET-022,2.569,102.3,46.1,2472,12,66,0
ASSET-022,2.758,78.9,51.6,2281,12,37,0
ASSET-022,2.529,80.4,51.7,2342,12,68,0
ASSET-022,2.27,74.6,43.0,2344,12,57,0
ASSET-022,3.517,83.2,56.3,2675,12,78,0
ASSET-022,3.08,78.5,48.3,2464,12,81,0
ASSET-022,1.337,78.5,48.1,2281,12,44,0
ASSET-022,1.996,91.1,55.2,2252,12,54,0
ASSET-022,3.127,70.5,50.4,2615,12,75,0
ASSET-022,2.428,75.8,53.0,2281,12,38,0
ASSET-022,1.198,78.9,57.2,2379,12,49,0
ASSET-023,3.187,76.8,48.8,2143,6,219,0
ASSET-023,2.188,89.1,57.9,2319,6,213,0
ASSET-023,1.565,97.7,46.6,2137,6,192,0
ASSET-023,2.175,96.0,55.7,2065,6,194,0
ASSET-023,2.247,95.5,46.2,2441,6,207,0
ASSET-023,2.668,85.4,49.8,2438,6,203,0
ASSET-023,3.109,86.0,59.8,2087,6,199,0
ASSET-023,3.948,82.0,56.5,2314,6,168,0
ASSET-023,4.612,83.5,59.7,2279,6,205,0
ASSET-023,2.784,95.4,43.9,2482,6,198,0
ASSET-023,4.151,84.8,46.8,2268,6,204,0
ASSET-023,2.551,91.3,38.9,2264,6,222,0
ASSET-023,2.947,98.0,55.8,2069,6,174,0
ASSET-023,1.927,90.2,43.2,2254,6,215,0
ASSET-023,2.224,98.1,51.1,2407,6,173,0
ASSET-023,2.575,93.1,48.1,2148,6,172,0
ASSET-023,3.14,102.4,41.7,2362,6,169,0
ASSET-023,3.4,88.2,53.0,2278,6,207,0
ASSET-023,1.974,93.6,43.8,2285,6,172,0
ASSET-023,4.17,86.0,48.1,2233,6,194,0
ASSET-023,2.337,72.1,43.0,2011,6,172,0
ASSET-023,2.531,102.8,46.6,2007,6,182,0
ASSET-023,2.504,93.1,50.0,2290,6,212,0
ASSET-023,3.696,100.1,54.1,2394,6,221,0
ASSET-023,2.76,84.4,50.8,2326,6,175,0
ASSET-023,2.025,100.3,53.5,2500,6,185,0
ASSET-023,2.787,73.3,53.4,2353,6,222,0
ASSET-023,3.172,78.4,52.4,2372,6,224,0
ASSET-023,2.902,87.1,42.7,2018,6,222,0
ASSET-023,3.195,76.1,45.8,2040,6,174,0
ASSET-023,1.773,86.2,54.5,2227,6,212,0
ASSET-023,3.653,87.3,45.3,2251,6,188,0
ASSET-023,5.456,102.5,49.7,2217,6,203,1
ASSET-023,3.59,95.8,44.0,2375,6,207,0
ASSET-023,2.079,89.4,48.9,2128,6,220,0
ASSET-023,3.323,114.8,57.6,2134,6,216,1
ASSET-023,3.675,100.2,50.2,2367,6,192,0
ASSET-023,2.319,112.0,50.8,2255,6,167,1
ASSET-023,3.376,94.5,49.0,2134,6,198,0
ASSET-023,2.646,106.7,58.0,2292,6,180,1
ASSET-024,2.723,110.2,31.9,4363,12,272,1
ASSET-024,4.918,93.5,41.8,4437,12,299,0
ASSET-024,4.434,78.3,37.5,4458,12,317,0
ASSET-024,4.166,91.6,61.4,4533,12,275,0
ASSET-024,3.496,99.1,42.6,4188,12,279,0
ASSET-024,2.846,92.3,45.4,4390,12,262,0
ASSET-024,3.712,89.9,53.5,4225,12,281,0
ASSET-024,4.364,97.3,48.5,4162,12,313,0
ASSET-024,4.394,105.4,35.8,4352,12,293,1
ASSET-024,3.124,69.1,50.8,4284,12,270,0
ASSET-024,3.384,107.3,26.9,4105,12,297,1
ASSET-024,3.387,77.6,46.3,4486,12,283,1
ASSET-024,3.354,67.1,49.5,4191,12,276,0
ASSET-024,2.577,83.3,38.1,4297,12,265,0
ASSET-024,3.005,86.8,50.4,4133,12,281,0
ASSET-024,3.133,87.8,48.8,4451,12,287,0
ASSET-024,2.913,106.2,48.8,4487,12,264,0
ASSET-024,3.38,82.5,38.4,4545,12,300,0
ASSET-024,3.511,96.3,37.5,4085,12,280,0
ASSET-024,1.443,74.4,45.9,4093,12,292,0
ASSET-024,3.474,99.4,41.7,4354,12,299,0
ASSET-024,3.775,77.5,45.2,4459,12,279,0
ASSET-024,3.664,82.9,43.2,4123,12,293,0
ASSET-024,3.632,95.3,50.8,4203,12,306,0
ASSET-024,2.89,88.1,41.2,4105,12,280,0
ASSET-024,5.25,75.6,38.3,4078,12,318,1
ASSET-024,2.088,109.8,63.0,4389,12,311,0
ASSET-024,3.067,97.0,45.5,4201,12,284,0
ASSET-024,2.226,110.0,41.0,4320,12,319,1
ASSET-024,4.786,94.1,35.9,4356,12,272,1
ASSET-024,3.966,75.3,56.5,4078,12,280,0
ASSET-024,3.821,101.8,39.2,4251,12,265,0
ASSET-024,4.88,69.2,57.1,4328,12,300,1
ASSET-024,4.122,104.5,54.2,4515,12,279,0
ASSET-024,2.652,78.3,47.3,4429,12,316,0
ASSET-024,2.951,70.2,49.3,4303,12,279,1
ASSET-024,2.144,96.6,45.0,4498,12,296,0
ASSET-024,4.995,97.6,41.4,4389,12,309,0
ASSET-024,4.683,92.2,48.1,4352,12,299,0
ASSET-024,4.011,84.5,40.5,4148,12,307,0
ASSET-025,3.26,89.3,50.0,1473,0,158,0
ASSET-025,3.433,82.7,60.3,1106,0,168,0
ASSET-025,2.238,75.5,56.9,1267,0,173,0
ASSET-025,2.996,82.4,46.7,1177,0,158,0
ASSET-025,1.925,72.1,49.7,1469,0,124,0
ASSET-025,2.413,96.5,50.2,1168,0,171,0
ASSET-025,2.974,82.4,54.7,1268,0,166,0
ASSET-025,2.801,80.3,53.6,1461,0,153,0
ASSET-025,2.413,79.8,51.5,1470,0,164,0
ASSET-025,3.668,89.6,53.4,1013,0,162,0
ASSET-025,1.504,79.6,53.6,1384,0,121,0
ASSET-025,4.928,78.4,58.8,1436,0,131,0
ASSET-025,2.109,85.7,51.1,986,0,146,0
ASSET-025,3.462,96.7,45.7,1176,0,171,0
ASSET-025,2.574,81.9,46.4,1227,0,143,0
ASSET-025,1.916,81.4,46.4,1047,0,122,0
ASSET-025,2.23,74.0,55.8,1316,0,140,0
ASSET-025,1.312,79.3,56.3,1241,0,120,1
ASSET-025,1.678,80.4,57.3,1177,0,120,0
ASSET-025,2.179,75.1,53.3,1122,0,116,0
ASSET-025,3.082,77.3,54.4,1339,0,143,0
ASSET-025,2.442,100.5,54.6,1482,0,172,0
ASSET-025,1.872,81.3,50.0,1302,0,158,0
ASSET-025,2.143,87.4,52.6,1272,0,120,0
ASSET-025,2.393,72.4,56.2,1103,0,137,0
ASSET-025,1.915,78.7,51.3,1008,0,158,0
ASSET-025,2.491,82.5,57.9,1325,0,133,0
ASSET-025,3.366,96.2,56.3,1311,0,168,0
ASSET-025,2.743,78.5,50.8,1144,0,175,0
ASSET-025,3.15,84.3,58.9,1197,0,152,0
ASSET-025,3.078,74.0,51.2,1197,0,136,0
ASSET-025,3.532,72.7,59.4,1367,0,170,0
ASSET-025,2.534,74.7,55.7,1390,0,137,0
ASSET-025,2.153,82.2,55.5,1210,0,145,0
ASSET-025,2.521,71.8,48.7,1253,0,124,0
ASSET-025,1.384,71.2,51.1,988,0,139,0
ASSET-025,2.109,83.5,49.1,1330,0,149,0
ASSET-025,2.408,90.7,49.3,1315,0,152,1
ASSET-025,4.373,83.1,51.2,1051,0,148,0
ASSET-025,2.148,75.5,54.2,1477,0,174,0
